{"cameraMode":{"drawMode":0,"name":"Shaded","section":"Shading Mode"},"sceneLighting":true,"audioPlay":false,"sceneViewState":{"m_AlwaysRefresh":false,"showFog":true,"showSkybox":true,"showFlares":true,"showImageEffects":true,"showParticleSystems":true,"showVisualEffectGraphs":true,"m_FxEnabled":true},"in2DMode":false,"pivot":{"x":4.088200092315674,"y":0.675034761428833,"z":1.1814091205596924},"rotation":{"x":0.06848706305027008,"y":-0.5989955067634583,"z":0.051525864750146869,"w":0.7961629629135132},"size":1.8378276824951172,"orthographic":false}