{"cameraMode":{"drawMode":0,"name":"Shaded","section":"Shading Mode"},"sceneLighting":true,"audioPlay":false,"sceneViewState":{"m_AlwaysRefresh":false,"showFog":true,"showSkybox":true,"showFlares":true,"showImageEffects":true,"showParticleSystems":true,"showVisualEffectGraphs":true,"m_FxEnabled":true},"in2DMode":false,"pivot":{"x":4.138000011444092,"y":0.6674990653991699,"z":0.01456904411315918},"rotation":{"x":-0.12995122373104096,"y":0.8323685526847839,"z":-0.2199220061302185,"w":-0.4918440878391266},"size":1.4660253524780274,"orthographic":false}