{"cameraMode":{"drawMode":0,"name":"Shaded","section":"Shading Mode"},"sceneLighting":true,"audioPlay":false,"sceneViewState":{"m_AlwaysRefresh":false,"showFog":true,"showSkybox":true,"showFlares":true,"showImageEffects":true,"showParticleSystems":true,"showVisualEffectGraphs":true,"m_FxEnabled":true},"in2DMode":false,"pivot":{"x":1.0742363929748536,"y":1.7814936637878419,"z":6.323328495025635},"rotation":{"x":0.07068976759910584,"y":-0.5175007581710815,"z":0.04295165091753006,"w":0.8516811728477478},"size":5.551581382751465,"orthographic":false}